{
  "version": 1,
  "author": "husni muttaqin",
  "editor": "wokwi",
  "parts": [
    { "type": "wokwi-esp32-devkit-v1", "id": "esp", "top": -8.18, "left": -2.34, "attrs": {} },
    {
      "type": "wokwi-resistor",
      "id": "r2",
      "top": 141.52,
      "left": 266.94,
      "attrs": { "value": "330" }
    },
    {
      "type": "wokwi-resistor",
      "id": "r1",
      "top": 89.11,
      "left": 264.31,
      "attrs": { "value": "330" }
    },
    {
      "type": "wokwi-resistor",
      "id": "r3",
      "top": 30.55,
      "left": 267.21,
      "attrs": { "value": "330" }
    },
    {
      "type": "wokwi-led",
      "id": "led1",
      "top": 8.9,
      "left": 454.48,
      "attrs": { "color": "limegreen" }
    },
    {
      "type": "wokwi-led",
      "id": "led2",
      "top": 59.96,
      "left": 453.97,
      "attrs": { "color": "yellow" }
    },
    {
      "type": "wokwi-led",
      "id": "led3",
      "top": 118.66,
      "left": 447.5,
      "attrs": { "color": "red" }
    },
    { "type": "wokwi-potentiometer", "id": "pot1", "top": 79.24, "left": -155.85, "attrs": {} },
    { "type": "wokwi-slide-switch", "id": "sw1", "top": 61.21, "left": -308.8, "attrs": {} },
    { "type": "wokwi-slide-switch", "id": "sw2", "top": 70.7, "left": -237.44, "attrs": {} },
    {
      "type": "wokwi-led",
      "id": "led4",
      "top": -39,
      "left": 445.29,
      "attrs": { "color": "orange" }
    },
    {
      "type": "wokwi-resistor",
      "id": "r4",
      "top": -14.71,
      "left": 288.7,
      "attrs": { "value": "330" }
    }
  ],
  "connections": [
    [ "r4:2", "led4:C", "green", [ "v0" ] ],
    [ "r3:2", "led1:C", "green", [ "v0" ] ],
    [ "r1:2", "led2:C", "green", [ "v0" ] ],
    [ "r2:2", "led3:C", "green", [ "v0" ] ],
    [ "esp:D2", "led3:A", "green", [ "h26.24", "v81.82", "h345.68" ] ],
    [ "esp:GND.1", "r2:1", "black", [ "h47.03", "v11.23" ] ],
    [ "r1:1", "r2:1", "green", [ "v0" ] ],
    [ "r3:1", "r1:1", "green", [ "v0" ] ],
    [ "r4:1", "r3:1", "green", [ "v-0.78", "h-22.5" ] ],
    [ "esp:D4", "led2:A", "green", [ "h0" ] ],
    [ "esp:D5", "led1:A", "green", [ "h43.13", "v-17.49", "h320.99" ] ],
    [ "pot1:VCC", "esp:3V3", "red", [ "v73.41", "h226.33", "v-68.45" ] ],
    [ "pot1:GND", "esp:GND.2", "black", [ "v54.4", "h89.33", "v-55.14" ] ],
    [ "pot1:SIG", "esp:D35", "green", [ "v-102.28", "h78.09" ] ],
    [ "sw2:2", "pot1:GND", "green", [ "v97", "h87.34" ] ],
    [ "sw1:2", "pot1:GND", "green", [ "v105.48", "h160.73" ] ],
    [ "esp:D18", "sw2:3", "green", [ "h27.68", "v-122.42", "h-9.13" ] ],
    [ "esp:D19", "sw1:3", "green", [ "h16.52", "v-99.73", "h-11.16" ] ],
    [ "esp:D23", "led4:A", "green", [ "h0" ] ]
  ]
}